,Time,User,Tweet
0,2022-05-22 17:45:36+00:00,STANcz,RT @JozefSikela: Katar se chystÃ¡ navyÅ¡ovat dodÃ¡vky LNG do Evropy. O tom co by to mohlo znamenat pro ÄŒeskou republiku a o rozvoji vzÃ¡jemnÃ©hoâ€¦
1,2022-05-22 17:10:00+00:00,culek_jakub,My first tweet
2,2022-05-22 16:43:59+00:00,jindrichsidlo,"MalÃ½ fanouÅ¡ek Liverpoolu plÃ¡Äe v ochozech. ChlapÄe, hlavu vzhÅ¯ru! TvÅ¯j tÃ¡ta Äekal na titul 30 let. Nebo se posmÃ­vejâ€¦ https://t.co/PgUrP2pOMI"
3,2022-05-22 16:34:08+00:00,jindrichsidlo,Trochu mi to poslednÃ­ kolo PL pÅ™ipomÃ­nÃ¡ rok 2012.
4,2022-05-22 16:21:28+00:00,jindrichsidlo,RT @YPerebyinis: BÄ›hem dneÅ¡nÃ­ho tradiÄnÃ­ho prÅ¯vodu v tradiÄnÃ­ch nÃ¡rodnÃ­ch krojÃ­ch - vyÅ¡ivankach tisÃ­ce UkrajincÅ¯ v centru Prahy podÄ›kovaliâ€¦
5,2022-05-22 15:52:11+00:00,jindrichsidlo,"RT @bohemians1905: Bohemka bude i v pÅ™Ã­Å¡tÃ­ sezonÄ› prvoligovÃ¡ ğŸ˜ VÃ­tÄ›zstvÃ­ dnes vystÅ™elili KÃ¶stl s Chramostou, a tak Klokani barÃ¡Å¾ zvlÃ¡dliğŸ’šğŸ¤â€¦"
6,2022-05-22 14:00:01+00:00,jindrichsidlo,"RT @vasekvavra: ProÄ, MiloÅ¡i, jdeÅ¡ do sociÃ¡lnÃ­ demokracie, vÅ¾dyÅ¥ nejsi Å¾Ã¡dnÃ½ leviÄÃ¡kâ€¦? ProtoÅ¾e na levici je nejvÃ­ce manipulovatelnÃ½ch idiotâ€¦"
7,2022-05-22 13:45:39+00:00,kalousekm,V praxi byl prokÃ¡zÃ¡n nezpochybnitelnÃ½ dÅ¯kaz o uÅ¾iteÄnosti ruskÃ½ch novinÃ¡Å™Å¯. Jen tak dÃ¡l! https://t.co/vC0Mo5LpIT
8,2022-05-22 12:26:21+00:00,P_Fiala,"Ano, komunikuji s prezidentem republiky, v souÄasnÃ© mimoÅ™Ã¡dnÃ© situaci je to pro ÄŒR Å¾ivotnÄ› dÅ¯leÅ¾itÃ©. 

PÅ™ipomÃ­nÃ¡m,â€¦ https://t.co/ioO130dQFx"
9,2022-05-22 08:18:13+00:00,kovy_gameballcz,"Rozjel douÄovacÃ­ byznys, nesplnil Å™adu oÄekÃ¡vÃ¡nÃ­, mÃ¡ pochybnÃ¡ data a stojÃ­ hromadu penÄ›z. Kdo? No pÅ™ece CERMAT! S Tâ€¦ https://t.co/Eea64BKpcW"
10,2022-05-22 07:30:31+00:00,kalousekm,"Tohle je  pravdivÃ½ popis Ãºlohy vlÃ¡dy v boji v boji se zdraÅ¾ovÃ¡nÃ­m. NÃ­zkÃ© deficity budou inflaci brzdit, vysokÃ© defiâ€¦ https://t.co/yDjYjmWzb6"
11,2022-05-22 06:43:55+00:00,P_Fiala,"KdyÅ¾ napÅ™Ã­klad nÄ›jakÃ¡ firma dosÃ¡hne velkÃ©ho ÃºspÄ›chu, mÃ¡ z toho prospÄ›ch mnohem vÃ­ce lidÃ­ neÅ¾ jen majitel. KdyÅ¾ je nâ€¦ https://t.co/WxgmNjpilH"
12,2022-05-22 06:43:55+00:00,P_Fiala,ZÃ¡vist a nedÅ¯vÄ›ru povaÅ¾uji za spoleÄenskÃ½ problÃ©m. ZÃ¡vist nÃ¡s ochromuje a jako spoleÄnost oslabuje. MusÃ­me pÅ™ece vyâ€¦ https://t.co/gUrrj3ZB60
13,2022-05-22 06:16:11+00:00,DVTVcz,"â€Proti komu a na kterÃ© stranÄ› bych v JugoslÃ¡vii vÃ¡lÄil? TÃ¡ta byl Srb z Chorvatska, matka Chorvatka z Bosny a jÃ¡ z Bâ€¦ https://t.co/whOIcE7IYi"
14,2022-05-21 23:40:20+00:00,elonmusk,https://t.co/UCPd3LQ7C6
15,2022-05-21 22:29:43+00:00,TMBKOFFICIAL,ğŸ¤¦ğŸ»â€â™‚ï¸ https://t.co/Xkmxq9I8yM
16,2022-05-21 18:59:51+00:00,ZelenskyyUa,"Had a phone conversation with #MarioDraghi at his initiative. Talked about defensive cooperation, the need to accelâ€¦ https://t.co/AH1pMkJe6B"
17,2022-05-21 18:59:40+00:00,ZelenskyyUa,"Ğ—Ñ–Ğ´Ğ·Ğ²Ğ¾Ğ½Ğ¸Ğ»Ğ¸ÑÑ Ğ· Ñ–Ğ½Ñ–Ñ†Ñ–Ğ°Ñ‚Ğ¸Ğ²Ğ¸ #MarioDraghi. ĞŸĞ¾Ğ³Ğ¾Ğ²Ğ¾Ñ€Ğ¸Ğ»Ğ¸ Ğ¿Ñ€Ğ¾ ÑĞ¿Ñ–Ğ²Ğ¿Ñ€Ğ°Ñ†Ñ Ğ² Ğ¾Ğ±Ğ¾Ñ€Ğ¾Ğ½Ğ½Ñ–Ğ¹ Ğ³Ğ°Ğ»ÑƒĞ·Ñ–, Ğ½ĞµĞ¾Ğ±Ñ…Ñ–Ğ´Ğ½Ñ–ÑÑ‚ÑŒ Ğ¿Ñ€Ğ¸ÑĞºĞ¾Ñ€ĞµĞ½Ğ½Ñ 6-Ğ³Ğ¾â€¦ https://t.co/2ghETCxnOB"
18,2022-05-21 18:18:08+00:00,jindrichsidlo,O hokeji stÃ¡le ani slovoâ€¦
19,2022-05-21 18:11:25+00:00,kalousekm,"RT @AnetCer: KnÄ›z Jan Bula umuÄenÃ½ komunisty pÅ™ed 70 lety mÃ¡ v Rokytnici nad Rokytnou ode dneÅ¡ka svÅ¯j pomnÃ­k.

Stal se obÄ›tÃ­ vykonstruovanÃ©â€¦"
20,2022-05-21 18:01:54+00:00,AndrejBabis,"RT @PetrKolman: V. RakuÅ¡an vyÄÃ­tÃ¡ BabiÅ¡ovi , Å¾e ted jednou chybÄ›l na schÅ¯zi,kde mj. absentovalo 50 poslancÅ¯, a de facto o nic neÅ¡lo, bo vÃ½sâ€¦"
21,2022-05-21 16:25:58+00:00,AndrejBabis,RT @KarelHavlicek_: NÄ›mecko brutÃ¡lnÄ› zlevÅˆuje jÃ­zdnÃ© v hromadnÃ© dopravÄ›. SouÄasnÄ› pÅ™ispÃ­vÃ¡ na litr pohonnÃ½ch hmot od 4 do 8 korun. MÃ©nÄ› rusâ€¦
22,2022-05-21 15:55:17+00:00,jindrichsidlo,Je to tam! https://t.co/qngCFyTKD1
23,2022-05-21 14:50:35+00:00,jindrichsidlo,PoloÄas. VÅ¯bec na to nemam nervyâ€¦ https://t.co/HeL8Mb5T8j
24,2022-05-21 14:48:38+00:00,P_Fiala,V roce 1982 jsem vstoupil do Spolku ÄeskÃ½ch bibliofilÅ¯ a jeho Älenem jsem stÃ¡le. Nemohl jsem si pÅ™i pÅ™Ã­leÅ¾itosti Ätâ€¦ https://t.co/kbuBwV0T1d
25,2022-05-21 13:59:48+00:00,kalousekm,"SouhlasÃ­m. BezpeÄnostnÃ­ situace to vyÅ¾aduje. Ne ale na dluh, prosÃ­m. Na Ãºkor jinÃ½ch vlÃ¡dnÃ­ch priorit, kterÃ© tak nalâ€¦ https://t.co/MluxuneGDy"
26,2022-05-21 11:25:55+00:00,TMBKOFFICIAL,Telegram ğŸ‡·ğŸ‡ºâ€”&gt;ğŸ‡«ğŸ‡®: Gratulujeme k poÅ™Ã¡dÃ¡nÃ­ MS2022. Stop. Gratulujeme ke vstupu do NATO. Stop. Plyn. Stop
27,2022-05-21 11:24:49+00:00,ZelenskyyUa,"Grateful to @POTUS for signing the law on additional support for ğŸ‡ºğŸ‡¦. The leadership of ğŸ‡ºğŸ‡¸, President Biden &amp; the Amâ€¦ https://t.co/v4w6HthVbm"
28,2022-05-21 11:24:33+00:00,ZelenskyyUa,"Ğ”ÑĞºÑƒÑ ĞŸÑ€ĞµĞ·Ğ¸Ğ´ĞµĞ½Ñ‚Ñƒ ğŸ‡ºğŸ‡¸ @POTUS Ğ·Ğ° Ğ¿Ñ–Ğ´Ğ¿Ğ¸ÑĞ°Ğ½Ğ½Ñ Ğ·Ğ°ĞºĞ¾Ğ½Ñƒ Ğ¿Ñ€Ğ¾ Ğ´Ğ¾Ğ´Ğ°Ñ‚ĞºĞ¾Ğ²Ñƒ Ğ¿Ñ–Ğ´Ñ‚Ñ€Ğ¸Ğ¼ĞºÑƒ Ğ£ĞºÑ€Ğ°Ñ—Ğ½Ğ¸. Ğ›Ñ–Ğ´ĞµÑ€ÑÑ‚Ğ²Ğ¾ Ğ¡Ğ¨Ğ, ĞŸÑ€ĞµĞ·Ğ¸Ğ´ĞµĞ½Ñ‚Ğ° Ğ‘Ğ°Ğ¹Ğ´ĞµĞ½Ğ°â€¦ https://t.co/vfknOXFOD3"
29,2022-05-21 11:18:55+00:00,P_Fiala,"Posun v integraci zemÃ­ zÃ¡padnÃ­ho BalkÃ¡nu do EU je v zÃ¡jmu ÄŒeska i Rakouska a pro nÃ¡s je to vÃ½znamnÃ© tÃ©ma i proto, Å¾â€¦ https://t.co/bm4vtPH5Bw"
30,2022-05-21 10:26:28+00:00,TMBKOFFICIAL,https://t.co/C6cZUo3qu2
31,2022-05-21 10:09:21+00:00,market_a,BÄ›h pro PamÄ›Å¥ nÃ¡roda â¤ï¸ https://t.co/Kqj1QKnSo0
32,2022-05-21 09:28:03+00:00,jindrichsidlo,"DÃ­ky vÅ¡em, co dneska v Praze bÄ›Å¾Ã­ s @Pametnaroda. MÃ¡m v tom trochu stÅ™et zÃ¡jmÅ¯, ale je to mimoÅ™Ã¡dnÃ¡ instituce, kterâ€¦ https://t.co/TtRdaU8vCZ"
33,2022-05-21 08:57:13+00:00,AndrejBabis,"PÃ¡tek! TiÅ¡nov, SvitÃ¡vka, Doubravice nad Svitavou, HornÃ­ Palava â¤ï¸ A na vÃ­kend domÅ¯. Morava byla ÃºÅ¾asnÃ¡. SestÅ™iÄky,â€¦ https://t.co/z0eleaYinB"
34,2022-05-21 08:57:12+00:00,AndrejBabis,"ÄŒtvrtek. PustimÄ›Å™, VyÅ¡kov, BuÄovice â¤ï¸ ChodÃ­ spousta lidÃ­ a taky mladÃ½ch! DÄ›kuju. A taky vÃ¡m pÅ™eÄtu osobnÃ­ dopis odâ€¦ https://t.co/1aXlLjrNu5"
35,2022-05-21 08:57:12+00:00,AndrejBabis,"ÃšterÃ½ a stÅ™eda. Znojmo a Brno â¤ï¸ PÅ™iÅ¡el jsem o hlas, ale jedeme dÃ¡l! Plno lidÃ­, plno vzkazÅ¯, dokonce jsem si zatrsaâ€¦ https://t.co/dNEsw4gkjE"
36,2022-05-21 08:57:11+00:00,AndrejBabis,"PondÄ›lÃ­. Den 1. NahÃ¡nÄ›l mÄ› @R_Bartonicek! Ale hlavnÄ› jsem obytÅˆÃ¡kem vyjel na jiÅ¾nÃ­ Moravu, tak se podÃ­vejte, jak toâ€¦ https://t.co/60pxGNvSmu"
37,2022-05-21 08:15:39+00:00,kalousekm,@jindrichsidlo @OndrejKania Ne. Jen mÃ©nÄ› informacÃ­.
38,2022-05-21 08:11:07+00:00,AndrejBabis,Rusnokova drahota. NejvÄ›tÅ¡Ã­ Å¡kÅ¯dce lidÃ­ a zamÄ›stnavatelÅ¯. https://t.co/V7vJjHiB1a
39,2022-05-21 07:03:18+00:00,jindrichsidlo,Dneska ve ÄtyÅ™i!! Sunderland bojuje o nÃ¡vrat do druhÃ© ligy. Chceme dalÅ¡Ã­ sÃ©rii! https://t.co/2GZBL6XfZP
40,2022-05-21 06:44:32+00:00,elonmusk,"RT @jairbolsonaro: -Conversei hÃ¡ pouco com @elonmusk , que visita o Brasil a convite do Ministro @fabiofaria . Entre outros assuntos, trataâ€¦"
41,2022-05-21 06:30:56+00:00,DVTVcz,"â€Ve dvaceti ÄlovÄ›k zpÃ­vÃ¡ ejchuchÅ¯, ve ÄtyÅ™iceti je to jinak. UmÅ™eli mi dva kamarÃ¡di, vrstevnÃ­ci, bÄ›hem dvou let. Sâ€¦ https://t.co/94L7i5HK6b"
42,2022-05-21 06:29:18+00:00,P_Fiala,"Hokej mÃ¡m rÃ¡d, ale bohuÅ¾el letoÅ¡nÃ­ MS nemÃ¡m Äas sledovat. TÄ›Å¡Ã­ mÄ›, Å¾e jsme ve Ätvrtek vyhrÃ¡li nad LotyÅ¡skem.

MÅ¯Å¾uâ€¦ https://t.co/D46zLySgzP"
43,2022-05-20 22:42:22+00:00,elonmusk,Accurate https://t.co/s90Corf0v4
44,2022-05-20 22:14:08+00:00,elonmusk,"Looking for hardcore streetfighters, not white-shoe lawyers like Perkins or Cooley who thrive on corruption. 

There will be blood."
45,2022-05-20 21:11:35+00:00,elonmusk,Please include links to cases you have tried
46,2022-05-20 20:49:33+00:00,BillGates,Ruthâ€™s discovery of rotavirus saved millions of lives. And learning about rota is what inspired us to launchâ€¦ https://t.co/wRY8LsiwEl
47,2022-05-20 20:34:55+00:00,elonmusk,"My commitment:

- We will never seek victory in a just case against us, even if we will probably win. 

- We will nâ€¦ https://t.co/Btl0lhSsY3"
48,2022-05-20 20:28:56+00:00,elonmusk,Tesla is building a hardcore litigation department where we directly initiate &amp; execute lawsuits. The team will repâ€¦ https://t.co/ElDf9wWeCV
49,2022-05-20 19:28:26+00:00,elonmusk,Sus man
50,2022-05-20 17:52:40+00:00,elonmusk,"Worth watching this interview with @theallinpod. The May 16 date is important.
https://t.co/hFdBLFxGXY"
51,2022-05-20 17:13:17+00:00,DVTVcz,"â€RomovÃ©, lidÃ© se zdravotnÃ­m postiÅ¾enÃ­m, senioÅ™i. To jsou pÅ™Ã­klady skupin obÄanÅ¯, kteÅ™Ã­ u nÃ¡s narÃ¡Å¾ejÃ­ na systÃ©movÃ©â€¦ https://t.co/gWrrH3jMPd"
52,2022-05-20 17:12:20+00:00,BillGates,"I had a great time answering questions on @Reddit yesterday about pandemic prevention, climate change, farmland, myâ€¦ https://t.co/DoBI61IMUp"
53,2022-05-20 17:01:12+00:00,jindrichsidlo,"KdyÅ¾ jde v roce 1991 odmaturoval, vzala mÄ› mama za odmÄ›nu na zmrzlinu... PÅ™iÅ¡lo mi to trochu legraÄnÃ­.
Tenhle tÃ½denâ€¦ https://t.co/XRZnaL4n0T"
54,2022-05-20 15:15:17+00:00,TMBKOFFICIAL,https://t.co/Oty9Op9wpq
55,2022-05-20 14:33:18+00:00,P_Fiala,"JednÃ¡nÃ­ Rady vlÃ¡dy pro zÃ¡leÅ¾itosti romskÃ© menÅ¡iny. 

PanÃ­ zmocnÄ›nkynÄ› pro lidskÃ¡ prÃ¡va mÄ›la pÅ™Ã­leÅ¾itost seznÃ¡mit seâ€¦ https://t.co/2U61cLol0o"
56,2022-05-20 13:40:48+00:00,elonmusk,"Super excited to be in Brazil for launch of Starlink for 19,000 unconnected schools in rural areas &amp; environmentalâ€¦ https://t.co/pcNEr1zb1q"
57,2022-05-20 13:28:53+00:00,market_a,"ZÃ¡kaz politikÅ¯m vlastnit mÃ©dia a korespondenÄnÃ­ volba. ZÃ¡kony, kterÃ½ch se hnutÃ­ ANO bojÃ­, protoÅ¾e nehrajÃ­ do karetâ€¦ https://t.co/53OkXbIgGp"
58,2022-05-20 12:48:28+00:00,P_Fiala,"Setkal jsem se s Ilzou Juhansone, generÃ¡lnÃ­ sekretÃ¡Å™kou EvropskÃ© komise. 

ZmÃ­nil jsem, Å¾e hlavnÃ­m tÃ©matem naÅ¡eho pâ€¦ https://t.co/1cDl8pGs9L"
59,2022-05-20 12:23:04+00:00,ZelenskyyUa,42 states took Ukraineâ€™s side in the case against Russia at the International Court of Justice and intend to join tâ€¦ https://t.co/hrbFki7zpF
60,2022-05-20 12:22:48+00:00,ZelenskyyUa,42 Ğ´ĞµÑ€Ğ¶Ğ°Ğ²Ğ¸ ÑÑ‚Ğ°Ğ»Ğ¸ Ğ½Ğ° Ğ±Ñ–Ğº Ğ£ĞºÑ€Ğ°Ñ—Ğ½Ğ¸ Ñƒ ÑĞ¿Ñ€Ğ°Ğ²Ñ– Ğ¿Ñ€Ğ¾Ñ‚Ğ¸ Ğ Ğ¤ Ñƒ ĞœÑ–Ğ¶Ğ½Ğ°Ñ€Ğ¾Ğ´Ğ½Ğ¾Ğ¼Ñƒ ÑÑƒĞ´Ñ– ĞĞĞ Ñ‚Ğ° Ğ¾Ğ³Ğ¾Ğ»Ğ¾ÑĞ¸Ğ»Ğ¸ Ğ¿Ñ€Ğ¾ Ğ½Ğ°Ğ¼Ñ–Ñ€ Ğ¿Ñ€Ğ¸Ñ”Ğ´Ğ½Ğ°Ñ‚Ğ¸ÑÑ Ğ´Ğ¾ Ğ½Ğ°Ñˆâ€¦ https://t.co/fbTd3YRhQV
61,2022-05-20 12:20:24+00:00,jindrichsidlo,"BleskovÃ½ vÃ½let do Brna mÄ› znovu pÅ™esvÄ›dÄil, Å¾e je to skvÄ›lÃ© mÄ›sto. MyslÃ­m, Å¾e i jmÃ©nem panÃ­ prezidentkyâ€¦ https://t.co/6B7hJlQhk9"
62,2022-05-20 11:54:47+00:00,alenaschillerov,ZÃ¡sadnÃ­ otÃ¡zka: Bude ve zdravotnictvÃ­ dostatek penÄ›z?â¤µï¸ https://t.co/vypzHTplZ5
63,2022-05-20 11:33:04+00:00,market_a,"I strongly support the call by @EP_President and urge #Iran to halt the execution of Mr. Djalali. 

Death penalty iâ€¦ https://t.co/ESicZIjuSs"
64,2022-05-20 11:16:20+00:00,DVTVcz,â€UkrajinskÃ¡ ekonomika se po vÃ¡lce dostane zpÄ›t do pÄ›ti let. RuskÃ© to bude trvat nejmÃ­Åˆ jednou tak dlouho. Pomoc Ukrâ€¦ https://t.co/VwOVpCfJ5S
65,2022-05-20 10:09:59+00:00,STANcz,"RT @petrgazdik: Dnes jsem pÅ™edstavil svÅ¯j poradenskÃ½ tÃ½m. Je v nÄ›m celkem 10 expertÅ¯ z rÅ¯znÃ½ch oblastÃ­. Nehledal jsem Å¾Ã¡dnÃ© â€kÃ½vaÄeâ€œ, ale sâ€¦"
66,2022-05-20 10:06:18+00:00,TMBKOFFICIAL,ğŸ˜¢ https://t.co/JFTHyQ06vS
67,2022-05-20 10:04:29+00:00,market_a,"BÄ›loruskÃ© ÃºÅ™ady zakÃ¡zaly prodej romÃ¡nu 1984 od George Orwella. 

SÃ¡m Orwell to vystihl nejlÃ©pe: â€ÄŒÃ­m vÃ­ce se spoleÄâ€¦ https://t.co/zQ8AvDLhqL"
68,2022-05-20 09:10:54+00:00,P_Fiala,"SetkÃ¡nÃ­ s nÃ¡rodnÃ­m protidrogovÃ½m koordinÃ¡torem JindÅ™ichem VoboÅ™ilem.

JindÅ™ich je respektovanÃ½ odbornÃ­k v oblasti dâ€¦ https://t.co/7fiYavoXbu"
69,2022-05-20 08:21:26+00:00,DVTVcz,"â€PodaÅ™ilo se vytvoÅ™it jedineÄnou stavbu, kterÃ¡ nenÃ­ barÃ¡kem, ale prostorem. PotÅ™ebujeme ji ke spoleÄenskÃ©mu Å¾ivotu,â€¦ https://t.co/fO3G1xfiX4"
70,2022-05-20 08:01:59+00:00,STANcz,"RT @JozefSikela: SniÅ¾ovÃ¡nÃ­ ğŸ‡ªğŸ‡º energetickÃ© zÃ¡vislosti na ğŸ‡·ğŸ‡º se neobejde bez rychlÃ©ho budovÃ¡nÃ­ propojenÃ­ mezi zemÄ›mi EU, spoleÄnÃ½ch nÃ¡kupÅ¯ aâ€¦"
71,2022-05-20 07:58:14+00:00,market_a,"@AndrejBabis Å˜Ã­kÃ¡ ÄlovÄ›k, kterÃ½ se bÃ¡l 40 sirotkÅ¯â€¦ 

Vy jste v Å¾ivotÄ› pomohl akorÃ¡t sÃ¡m sobÄ›."
72,2022-05-20 07:51:30+00:00,jindrichsidlo,"RT @Dobrovsky_Sidlo: Jsme tu zase.
Dnes na tema â€œkam zmizela ÄeskÃ¡ levice a objevÃ­ se jeÅ¡tÄ› nÄ›kdyâ€?
Special guest: @A_Rychlikova - dekujemeâ€¦"
73,2022-05-20 07:49:08+00:00,Vit_Rakusan,"A aÅ¾ se vrÃ¡tÃ­te z tÃ© svÃ© dovolenÃ©, zeptejte se tÅ™eba i svÃ½ch hejtmanÅ¯ a starostÅ¯, proÄ je ten nouzovÃ½ stav jeÅ¡tÄ› poâ€¦ https://t.co/ym80oBWXjW"
74,2022-05-20 07:48:58+00:00,Vit_Rakusan,"@AndrejBabis A aÅ¾ se vrÃ¡tÃ­te z tÃ© svÃ© dovolenÃ©, zeptejte se tÅ™eba i svÃ½ch hejtmanÅ¯ a starostÅ¯, proÄ je ten nouzovÃ½â€¦ https://t.co/pwPlze4yBC"
75,2022-05-20 07:48:12+00:00,STANcz,"RT @BaraUrbanova: DÃ­ky tomu, Å¾e @Vit_Rakusan tady dal 340 000 lidem moÅ¾nost zachrÃ¡nit si Å¾ivot pÅ™ed vÃ¡lkou a udÄ›lal to tak, jak to udÄ›lal,â€¦"
76,2022-05-20 07:47:32+00:00,Vit_Rakusan,"Ona i mimoÅ™Ã¡dnÃ¡ schÅ¯ze je prÃ¡ce, pane poslanÄe. Ale chÃ¡pu, Å¾e vÃ­no, tanec a kolÃ¡Äky jsou lÃ¡kavÄ›jÅ¡Ã­. A mimochodem, mâ€¦ https://t.co/8ddj2RlDx3"
77,2022-05-20 07:47:25+00:00,Vit_Rakusan,"@AndrejBabis Ona i mimoÅ™Ã¡dnÃ¡ schÅ¯ze je prÃ¡ce, pane poslanÄe. Ale chÃ¡pu, Å¾e vÃ­no, tanec a kolÃ¡Äky jsou lÃ¡kavÄ›jÅ¡Ã­. Aâ€¦ https://t.co/6DjkOqtCT0"
78,2022-05-20 07:17:56+00:00,AndrejBabis,"RT @KarelHavlicek_: DobrÃ© rÃ¡no, vlÃ¡do. Nejsem si jistÃ½, ale mÃ¡m pocit, Å¾e jste opÄ›t netrefili sprÃ¡vnÃ½ terÄ. ZatÃ­mco zodpovÄ›dnÄ› kontrolujeteâ€¦"
79,2022-05-20 07:11:18+00:00,market_a,"VÃ­tÄ›znÃ½ nÃ¡vrh VltavskÃ© filharmonie vypadÃ¡ fakt skvÄ›le - Praha si zaslouÅ¾Ã­ novou dominantu. 

Jsem hrdÃ¡ na to, Å¾e taâ€¦ https://t.co/pts8ovOiP4"
80,2022-05-20 07:09:41+00:00,AndrejBabis,"PustimÄ›Å™, VyÅ¡kov, BuÄovice â¤ï¸ ChodÃ­ spousta lidÃ­ a taky mladÃ½ch! A mezi nÃ¡mi, Å¾Ã¡dnÃ¡ schÅ¯ze bÃ½t nemÄ›la, byla to mimoâ€¦ https://t.co/Rg4LN9gtgL"
81,2022-05-20 06:36:25+00:00,jindrichsidlo,"RT @SidlovaTereza: EvropÄ› to prÃ½ letos sladit nebudeme. VlÃ¡da zruÅ¡ila zakÃ¡zku na reklamu, miliony by Å¡ly iÂ Agrofertu https://t.co/V5r1FEcdrs"
82,2022-05-20 06:08:23+00:00,P_Fiala,"BohuÅ¾el jsme energeticky nezabezpeÄenÃ­, je tu vyÅ¡Å¡Ã­ inflace neÅ¾ v jinÃ½ch zemÃ­ch, je tu spousta vÄ›cÃ­, kterÃ© se minulâ€¦ https://t.co/6ieEcOc91n"
83,2022-05-20 05:43:53+00:00,elonmusk,"Finally, we get to use Elongate as scandal name. Itâ€™s kinda perfect. ğŸ¤£ https://t.co/qSNH7lsn72"
84,2022-05-20 04:53:11+00:00,DVTVcz,"https://t.co/PoM6Du06qQ ProfesionÃ¡lnÃ­ MMA je showbyznys, zÃ¡pasem v boxu VÃ©mola vs. Marpo pomÅ¯Å¾eme boxu, je to megaâ€¦ https://t.co/u4PV3Xxf1n"
85,2022-05-20 04:50:59+00:00,DVTVcz,"https://t.co/PoM6Du06qQ  K bojovÃ½m sportÅ¯m patÅ™Ã­ lidÃ© na hranÄ› nebo za nÃ­. ProfesionÃ¡lnÃ­ MMA je showbyznys, zÃ¡pasemâ€¦ https://t.co/EaQAM4rlZe"
86,2022-05-20 03:28:32+00:00,elonmusk,The attacks against me should be viewed through a political lens â€“ this is their standard (despicable) playbook â€“ bâ€¦ https://t.co/EARrCy0CV8
87,2022-05-19 22:36:49+00:00,elonmusk,"To be clear, Iâ€™m spending &lt;5% (but actually) of my time on the Twitter acquisition. It ainâ€™t rocket science!

Yesteâ€¦ https://t.co/pcaFGEOOXg"
88,2022-05-19 21:14:47+00:00,elonmusk,https://t.co/UZKs5s6BZJ
89,2022-05-19 19:06:02+00:00,AndrejBabis,"RT @HoracekRadovan: @market_a @AndrejBabis MarkÃ©tko, asi tak, Å¾e?
https://t.co/RF5GE5vIpw"
90,2022-05-19 18:54:41+00:00,Vit_Rakusan,"Ve SnÄ›movnÄ› jsme prodlouÅ¾ili nouzovÃ½ stav o 30 dnÃ­. Naposledy. A opakuji, Å¾ivoty lidÃ­ v ÄŒR souÄasnÃ½ nouzovÃ½ stav niâ€¦ https://t.co/LATzQwFboy"
91,2022-05-19 18:46:37+00:00,AndrejBabis,RT @PatrikNacher: To jako vÃ¡Å¾nÄ›? Z ministrÅ¯ je na jednÃ¡nÃ­ PSP o prodlouÅ¾enÃ­ nouzovÃ©ho stavu od zaÄÃ¡tku jen ministr vnitra RakuÅ¡an a obÄas tâ€¦
92,2022-05-19 18:32:55+00:00,P_Fiala,"MilÃ© setkÃ¡nÃ­ s diplomatickÃ½m sborem ÄŒR v LichtenÅ¡tejnskÃ©m palÃ¡ci.

S nÄ›kterÃ½mi diplomaty se potkÃ¡vÃ¡m poprvÃ© v roliâ€¦ https://t.co/EqecUtlhLU"
93,2022-05-19 18:31:50+00:00,alenaschillerov,PtÃ¡te se mÄ›: Co Å™Ã­kÃ¡te na prodlouÅ¾enÃ­ nouzovÃ©ho stavu?â¤µï¸ https://t.co/Exs3u69djt
94,2022-05-19 18:09:23+00:00,elonmusk,RT @Liv_Boeree: Daily reminder that your brain on Twitter is being hijacked by an algorithm designed to do one thing: maximise engagement.â€¦
95,2022-05-19 18:01:14+00:00,DVTVcz,Bez zahraniÄnÃ­ pomoci se v povÃ¡leÄnÃ© obnovÄ› Ukrajina neobejde. ZaÄÃ­t je pÅ™itom potÅ™eba hned. Kolik penÄ›z mÅ¯Å¾e Evropâ€¦ https://t.co/vGcuMcfhVx
96,2022-05-19 17:58:28+00:00,AndrejBabis,"RT @DostalovaK: VlÃ¡da se chce krizÃ­ promlÄet a doufÃ¡, Å¾e Å¡kody budou minimÃ¡lnÃ­. To se ale nestane. Dopady budou ohromnÃ© a dÄ›ravÃ½ deÅ¡tnÃ­k opâ€¦"
97,2022-05-19 17:58:03+00:00,jindrichsidlo,"Ani slovo o hokeji, ani slovo."
98,2022-05-19 17:56:22+00:00,elonmusk,https://t.co/fdy0nedGMs
99,2022-05-19 17:50:23+00:00,STANcz,"RT @JozefSikela: Chci, aby stÃ¡t domÃ¡cnostem pÅ™ispÃ­val na ÄÃ¡st spotÅ™eby elektÅ™iny a plynu a motivoval je nespotÅ™ebovÃ¡vat pÅ™Ã­liÅ¡ energiÃ­ nadâ€¦"
100,2022-05-19 17:50:03+00:00,STANcz,"RT @JozefSikela: Nerad bych, aby vzniklo nÄ›jakÃ© nedorozumÄ›nÃ­. SÂ vlÃ¡dnÃ­mi kolegy jsme se domluvili, Å¾e tarif, kterÃ½ obÄanÅ¯m ulevÃ­ v dobÄ› vysâ€¦"
101,2022-05-19 17:48:59+00:00,ZelenskyyUa,I praise the ğŸ‡ºğŸ‡¸ Senate's approval of the Additional Ukraine Supplemental Appropriations Act of 2022. $ 40 billion iâ€¦ https://t.co/uTWaalvu8b
102,2022-05-19 17:48:38+00:00,ZelenskyyUa,Ğ’Ñ–Ñ‚Ğ°Ñ ÑÑ…Ğ²Ğ°Ğ»ĞµĞ½Ğ½Ñ Ğ¡ĞµĞ½Ğ°Ñ‚Ğ¾Ğ¼ ğŸ‡ºğŸ‡¸ Ğ·Ğ°ĞºĞ¾Ğ½Ğ¾Ğ¿Ñ€Ğ¾ĞµĞºÑ‚Ñƒ Ğ¿Ñ€Ğ¾ Ğ´Ğ¾Ğ´Ğ°Ñ‚ĞºĞ¾Ğ²Ñ– Ğ°ÑĞ¸Ğ³Ğ½ÑƒĞ²Ğ°Ğ½Ğ½Ñ Ğ´Ğ»Ñ Ğ£ĞºÑ€Ğ°Ñ—Ğ½Ğ¸ Ğ½Ğ° 2022 Ñ€Ñ–Ğº. $40 Ğ¼Ğ»Ñ€Ğ´ â€“ Ğ²Ğ°Ğ³Ğ¾Ğ¼Ğ¸Ğ¹ Ğ²Ğ½ĞµÑâ€¦ https://t.co/GRK6BrnOEu
103,2022-05-19 17:46:32+00:00,elonmusk,https://t.co/4W8COjWv16
104,2022-05-19 17:40:45+00:00,elonmusk,Wise words https://t.co/NTGIukXPgM
105,2022-05-19 17:34:23+00:00,elonmusk,"Good night, sweet maestro, and flights of angels sing thee to thy rest https://t.co/sqiY8iHS41"
106,2022-05-19 17:10:22+00:00,BillGates,Iâ€™m answering your questions now on @Reddit: https://t.co/QKKfUUTiFt https://t.co/sAYwcyINyT
107,2022-05-19 17:05:46+00:00,DVTVcz,"â€VÃ¡lka na UkrajinÄ› mimo jinÃ© takÃ© ukazuje, Å¾e bitcoin mÃ¡ i tu vÃ½hodu, Å¾e si ho mÅ¯Å¾ete snadno kamkoliv vzÃ­t. DÅ¯m siâ€¦ https://t.co/qRVUJgaK6q"
108,2022-05-19 16:57:26+00:00,AndrejBabis,@market_a https://t.co/OLOZtmklAS
109,2022-05-19 16:18:04+00:00,AndrejBabis,RT @kalousekm: @honzabartosek @VacDol @PetrHonzejk @Simindr No a kolik Ty jsi dneska rozdal kolÃ¡ÄkÅ¯ naÅ¡im lidem? Co jsi pro naÅ¡e lidi udÄ›laâ€¦
110,2022-05-19 15:58:15+00:00,elonmusk,"This is what most people in America want, but unfortunately itâ€™s not realistic. 

Generally, the party with less poâ€¦ https://t.co/gro6Y6ihMD"
111,2022-05-19 15:48:35+00:00,elonmusk,A party more moderate on all issues than either Reps or Dems would be ideal
112,2022-05-19 15:17:29+00:00,AndrejBabis,"RT @KarelHavlicek_: Pane premiÃ©re @P_Fiala, jÃ¡ to Ätu tak, Å¾e pan vlÃ¡dnÃ­ zmocnÄ›nec pro dezinformace si Å™Ã­kÃ¡ o malÃ© ministerstvo, dva politiâ€¦"
113,2022-05-19 15:00:13+00:00,BillGates,"Hey, @Reddit, itâ€™s been a while. Ask me anything at 10:30AM Pacific Time."
114,2022-05-19 14:38:57+00:00,elonmusk,"Judging by the relentless hatestream from the far left, this tweet was spot on"
115,2022-05-19 14:36:29+00:00,kalousekm,"PÅ™edstavuji si, co by zamÄ›stnavatel @AndrejBabis udÄ›lal s jakÃ½mkoliv  svÃ½m zamÄ›stnancem, kterÃ½ by se mu omluvil z pâ€¦ https://t.co/LrHpA4Fi02"
116,2022-05-19 14:24:19+00:00,market_a,"SnÄ›movna prÃ¡vÄ› teÄ. Bez Andreje BabiÅ¡e. 

I nÃ¡m je tu krÃ¡snÄ›, @AndrejBabis. Mohl byste pÅ™ijÃ­t do prÃ¡ce podÃ­vat se nâ€¦ https://t.co/sqfRcsPCz5"
117,2022-05-19 14:03:30+00:00,ZelenskyyUa,Had a phone conversation with @BorisJohnson. Informed about the course of hostilities and the operation to rescue tâ€¦ https://t.co/qYCh9MJZ8S
118,2022-05-19 14:03:16+00:00,ZelenskyyUa,ĞŸÑ€Ğ¾Ğ²Ñ–Ğ² Ñ‚ĞµĞ»ĞµÑ„Ğ¾Ğ½Ğ½Ñƒ Ñ€Ğ¾Ğ·Ğ¼Ğ¾Ğ²Ñƒ Ğ· @BorisJohnson. ĞŸĞ¾Ñ–Ğ½Ñ„Ğ¾Ñ€Ğ¼ÑƒĞ²Ğ°Ğ² Ğ¿Ñ€Ğ¾ Ğ¿ĞµÑ€ĞµĞ±Ñ–Ğ³ Ğ±Ğ¾Ğ¹Ğ¾Ğ²Ğ¸Ñ… Ğ´Ñ–Ğ¹ Ñ‚Ğ° Ğ¾Ğ¿ĞµÑ€Ğ°Ñ†Ñ–Ñ Ğ· Ğ¿Ğ¾Ñ€ÑÑ‚ÑƒĞ½ĞºÑƒ Ğ²Ñ–Ğ¹ÑÑŒĞºĞ¾Ğ²Ğ¸Ñ… Ğ·â€¦ https://t.co/pKpYDecdPK
119,2022-05-19 13:52:56+00:00,market_a,"Gratuluji UkrajincÅ¯m ke dni VyÅ¡yvanky!ğŸ‡ºğŸ‡¦ 

Tento svÃ¡tek je o vÃ½jimeÄnosti ukrajinskÃ© kultury a letos si jej pÅ™ipomÃ­â€¦ https://t.co/eifPfd2FXr"
120,2022-05-19 13:16:43+00:00,CzechTV,V HelsinkÃ¡ch evakuovali halu. A tak mÃ­sto zÃ¡pasu NÄ›mecka proti DÃ¡nsku vysÃ­lÃ¡me na ÄŒT sport duel BritÃ¡nie proti Americe.
121,2022-05-19 12:55:56+00:00,STANcz,"RT @petrgazdik: NavÅ¡tÃ­vil jsem ZÅ  Za Chlumem v BÃ­linÄ›, ve kterÃ© kvÅ¯li nÄ›kolika problÃ©movÃ½m Å¾Ã¡kÅ¯m od zaÄÃ¡tku kvÄ›tna fungujÃ­ pracovnÃ­ci bezpeâ€¦"
122,2022-05-19 12:45:08+00:00,STANcz,"JeÅ¡tÄ› jednou, naposledy, Å¾Ã¡dÃ¡me o prodlouÅ¾enÃ­ nouzovÃ©ho stavu. PotÅ™ebujeme ho, abychom mohli ubytovÃ¡vat lidi prchajâ€¦ https://t.co/SsjZdn5gSG"
123,2022-05-19 12:27:29+00:00,P_Fiala,Met briefly with M. Dodman from @USEmbassyPrague and spoke about our cooperation in these uneasy times. USA valuesâ€¦ https://t.co/ftEGcG2yiv
124,2022-05-19 12:27:28+00:00,P_Fiala,KrÃ¡tce jsem se setkal s M. Dodmanem z @USEmbassyPrague a mluvili jsme o naÅ¡Ã­ spoluprÃ¡ci v tÃ©to nelehkÃ© dobÄ›. USA siâ€¦ https://t.co/r7hj468Bu8
125,2022-05-19 12:00:05+00:00,market_a,Spolu s @Vystrcil_Milos jednÃ¡me o podobÄ› vystoupenÃ­ ukrajinskÃ©ho prezidenta Volodymyra ZelenskÃ©ho na plÃ©nech Poslanâ€¦ https://t.co/UxFQAGyiNi
126,2022-05-19 11:55:44+00:00,AndrejBabis,"RT @JermanovaStKraj: VlÃ¡da sice Å™Ã­kÃ¡, Å¾e nenechÃ¡ nikoho padnout. LÅ¾e. Ve skuteÄnosti spolÃ©hajÃ­ na to, Å¾e se lidÃ© uskrovnÃ­ a krizi ""zaplatÃ­â€¦"
127,2022-05-19 11:55:40+00:00,STANcz,"RT @MiladaVoborska: NouzovÃ½ stav nenÃ­ nÃ¡strojem k obchÃ¡zenÃ­ veÅ™ejnÃ½ch zakÃ¡zek, ale ke zvlÃ¡dnutÃ­ uprchlickÃ© krize. A jestli se zdÃ¡ zbyteÄnÃ½,â€¦"
128,2022-05-19 11:55:14+00:00,Vit_Rakusan,DneÅ¡nÃ­ setkÃ¡nÃ­ snÄ›movnÃ­ho BezpeÄnostnÃ­ho vÃ½boru na policejnÃ­m prezidiu. https://t.co/EtqJqKyLje
129,2022-05-19 11:41:39+00:00,TMBKOFFICIAL,ZdravÃ­m @skodacz a drÅ¾Ã­m palce s draÅ¾bou NFT! ğŸ˜ https://t.co/GOJNzcPDZH https://t.co/Nc21Hic196
130,2022-05-19 11:09:48+00:00,AndrejBabis,"RT @PatrikNacher: MilostivÃ© lÃ©to 2:

TeÄ se s tÃ­m tÃ©matem tady budu Äasto opakovat ğŸ¤·â€â™‚ï¸ğŸ’ª. 
NÃ­Å¾e pÅ™ehlednÃ½ popis od @mesec â¬‡ï¸
#milostiveletoâ€¦"
131,2022-05-19 10:46:38+00:00,kalousekm,"SprÃ¡vnÃ© rozhodnutÃ­ @Zbynek_Stanjura. Ne proto, co si myslÃ­m o rozhodnutÃ­ @alenaschillerov. Ale proto, Å¾e jsme prÃ¡vnâ€¦ https://t.co/H3KLaODjcs"
132,2022-05-19 10:33:42+00:00,P_Fiala,"NÃ¡vÅ¡tÄ›va rakouskÃ©ho kanclÃ©Å™e Karla Nehammera probÄ›hla ve velmi pÅ™Ã¡telskÃ© atmosfÃ©Å™e. 

Shodli jsme se, Å¾e vztahy naÅ¡â€¦ https://t.co/mPfqh6M6SV"
133,2022-05-19 10:23:59+00:00,alenaschillerov,"Jak typickÃ©. MÃ­sto, aby ministr @Zbynek_Stanjura zaÄal lidem v krizi pomÃ¡hat, tak zpochybÅˆuje ÃºÄinnou pomoc naÅ¡Ã­ vlâ€¦ https://t.co/GPa2bolwz7"
134,2022-05-19 10:00:36+00:00,market_a,"SetkÃ¡nÃ­ s velvyslancem Å vÃ©dskÃ©ho krÃ¡lovstvÃ­ Fredrikem JÃ¶rgensenem.

ÄŒeskÃ¡ republika plnÄ› podporuje ÄlenstvÃ­ Å vÃ©dskaâ€¦ https://t.co/3PQE5Fhtcs"
135,2022-05-19 09:40:42+00:00,STANcz,"RT @Hlavacek_P: Bjarke, krÃ¡snÄ› o pÅ™Ã­stupu tÃ½mu k Ãºkolu VltavskÃ© filharmonie. Pochopil Å¾e je to architektura pro celou zemi. Nejenom pro Praâ€¦"
136,2022-05-19 09:40:16+00:00,STANcz,"RT @joseffleki: Alena SchillerovÃ¡ tvrdÃ­, Å¾e za inflaci mÅ¯Å¾e naÅ¡e vlÃ¡da. V dobÄ› pÅ™ebÃ­rÃ¡nÃ­ vlÃ¡dy a odsunu vÅ¯dce BabiÅ¡e, byla rozjetÃ¡ inflaceâ€¦"
137,2022-05-19 09:39:53+00:00,STANcz,NaÅ¡e vlÃ¡da vÄera odsouhlasila vstup Finska a Å vÃ©dska do NATO ğŸ‡«ğŸ‡®ğŸ‡¸ğŸ‡ª. V tÃ©to dobÄ› je to jednoznaÄnÄ› krok sprÃ¡vnÃ½m smÄ›râ€¦ https://t.co/lvsYH3r8Fh
138,2022-05-19 09:34:15+00:00,ZelenskyyUa,Maintain constant contact with @vonderleyen. Thanked for â‚¬ 9 and â‚¬ 0.6 billion in financial aid. Discussed the EC-pâ€¦ https://t.co/CEATxD2Go6
139,2022-05-19 09:34:00+00:00,ZelenskyyUa,"ĞĞ° Ğ¿Ğ¾ÑÑ‚Ñ–Ğ¹Ğ½Ğ¾Ğ¼Ñƒ Ğ·Ğ²'ÑĞ·ĞºÑƒ Ğ· @vonderleyen. Ğ¡ÑŒĞ¾Ğ³Ğ¾Ğ´Ğ½Ñ– Ğ¿Ğ¾Ğ´ÑĞºÑƒĞ²Ğ°Ğ² Ğ·Ğ° â‚¬9 Ğ¼Ğ»Ñ€Ğ´ Ñ‚Ğ° â‚¬0,6 Ğ¼Ğ»Ñ€Ğ´ Ñ„Ñ–Ğ½Ğ´Ğ¾Ğ¿Ğ¾Ğ¼Ğ¾Ğ³Ğ¸. ĞĞ±Ğ³Ğ¾Ğ²Ğ¾Ñ€Ğ¸Ğ»Ğ¸ Ğ·Ğ°Ğ¿Ñ€Ğ¾Ğ¿Ğ¾Ğ½Ğ¾Ğ²â€¦ https://t.co/1WSQp3DWAK"
140,2022-05-19 09:04:31+00:00,AndrejBabis,"RT @PatrikNacher: Pan ministr na tyto vÄ›ci nerad odpovÃ­dÃ¡, i ve SnÄ›movnÄ› ğŸ¤·â€â™‚ï¸"
141,2022-05-19 08:59:49+00:00,AndrejBabis,RT @DostalovaK: SchvÃ¡lenÃ­m takto zÃ¡sadnÃ­ zmÄ›ny sluÅ¾ebnÃ­ho zÃ¡kona vlÃ¡da ignoruje zÃ¡kladnÃ­ podmÃ­nky EK k ÄerpÃ¡nÃ­ dotacÃ­. NavÃ­c schvÃ¡leno bezâ€¦
142,2022-05-19 08:56:56+00:00,STANcz,RT @PPeckova: MoÅ¾nÃ½ch ekonomicky aktivnÃ­ch uprchlÃ­kÅ¯ je ve @StredoceskyK celkem 32 121. Å½en s dÄ›tmi do 6 let je 5 458. Tedy hypoteticky ccaâ€¦
143,2022-05-19 08:50:22+00:00,AndrejBabis,NovÃ© ÄÃ­slo naÅ¡ich novin! V pÃ¡tek jako pÅ™Ã­loha vÄ›tÅ¡iny denÃ­kÅ¯. Pro vÃ¡s uÅ¾ tady a teÄ. A na titulce odvÃ¡Å¾nÃ© tvÃ¡Å™e z bâ€¦ https://t.co/rKtIOhKl7z
144,2022-05-19 08:36:20+00:00,DVTVcz,"â€RuskÃ½m pÅ™edstavitelÅ¯m se nedÃ¡ vÄ›Å™it. Slova, kterÃ¡ vyÅ™knou, pro nÄ› nejsou zÃ¡vaznÃ¡. Putin uÅ¾ nÄ›kolikrÃ¡t zmÄ›nil pozicâ€¦ https://t.co/nBsdUnW4oh"
145,2022-05-19 08:25:26+00:00,market_a,"MÃ¡m velkou radost, Å¾e mladÃ­ lidÃ© majÃ­ o politiku zÃ¡jem.

@snemovna je otevÅ™enÃ½m mÃ­stem a mÄ› osobnÄ› tato setkÃ¡nÃ­ nabâ€¦ https://t.co/Xs4lLGDNrx"
146,2022-05-19 08:19:14+00:00,Vit_Rakusan,https://t.co/iQBgGReJbd
147,2022-05-19 08:13:29+00:00,Vit_Rakusan,"Sire Nicholasi Wintone, dnes byste slavil 113. narozeniny. I kdyÅ¾ uÅ¾ mezi nÃ¡mi nejste, vÃ¡Å¡ pÅ™Ã­bÄ›h, vaÅ¡e obÄ›tavost,â€¦ https://t.co/8C30mNkfjS"
148,2022-05-19 08:02:36+00:00,ZelenskyyUa,"Ğ— Ğ”Ğ½ĞµĞ¼ Ğ²Ğ¸ÑˆĞ¸Ğ²Ğ°Ğ½ĞºĞ¸, Ğ£ĞºÑ€Ğ°Ñ—Ğ½Ğ¾! ğŸ‡ºğŸ‡¦ https://t.co/Lw2zyaQQaM"
149,2022-05-19 07:55:54+00:00,ZelenskyyUa,"ĞĞ°Ñˆ ÑĞ²ÑÑ‰ĞµĞ½Ğ½Ğ¸Ğ¹ Ğ¾Ğ±ĞµÑ€Ñ–Ğ³ Ğ½Ğ° Ñ†Ñ–Ğ¹ Ğ²Ñ–Ğ¹Ğ½Ñ–. Ğ— Ğ”Ğ½ĞµĞ¼ Ğ²Ğ¸ÑˆĞ¸Ğ²Ğ°Ğ½ĞºĞ¸, Ğ£ĞºÑ€Ğ°Ñ—Ğ½Ğ¾! ğŸ‡ºğŸ‡¦ https://t.co/O5Su8xrA5t"
150,2022-05-19 07:48:35+00:00,jindrichsidlo,"Cesta vlakem z Brna do Prahy proti loÅˆsku celkem citelnÄ› podraÅ¾ila, ale zase je o pÅ¯l hodiny delÅ¡Ã­..."
151,2022-05-19 07:47:25+00:00,STANcz,NouzovÃ½ stav nebudeme prodluÅ¾ovat donekoneÄna. DalÅ¡Ã­m krokem bude novelizace Lex Ukrajina. I bez nouzovÃ©ho stavu tÃ­â€¦ https://t.co/EWtkc87Srs
152,2022-05-19 07:46:48+00:00,STANcz,"âœ…NouzovÃ½ stav dÃ¡vÃ¡ moÅ¾nost naÅ™Ã­dit pÅ™ednostnÃ­ zÃ¡sobovÃ¡nÃ­ dÄ›tskÃ½ch, zdravotnickÃ½ch a sociÃ¡lnÃ­ch zaÅ™Ã­zenÃ­. UmoÅ¾Åˆuje iâ€¦ https://t.co/FT6FZBp2Bo"
153,2022-05-19 07:46:37+00:00,STANcz,"âœ…Bez nouzovÃ©ho stavu se vydaly jednotky vÃ­z dennÄ›, s nÃ­m to jsou stovky. Podle platnÃ½ch zÃ¡konÅ¯ vÃ­za mÅ¯Å¾e vydÃ¡vat jeâ€¦ https://t.co/EMwqySrfS8"
154,2022-05-19 07:46:23+00:00,STANcz,"âœ…NouzovÃ½ stav pomÃ¡hÃ¡ zajistit kapacity pro dÅ¯stojnÃ© ubytovÃ¡nÃ­ tÄ›ch lidÃ­ z Ukrajiny, kteÅ™Ã­ si nemohou pÅ™Ã­stÅ™eÅ¡Ã­ zajiâ€¦ https://t.co/Id7QEE6X9D"
155,2022-05-19 07:46:11+00:00,STANcz,"PlnÃ­me to, co jsme slÃ­bili â€“ tento nouzovÃ½ stav nemÃ¡ Å¾Ã¡dnÃ½ dopad na Å¾ivot lidÃ­ v ÄŒesku. NezavÃ­rajÃ­ se obchody ani oâ€¦ https://t.co/TPEA7ZZ5MX"
156,2022-05-19 07:45:54+00:00,STANcz,ProÄ naÅ¡e vlÃ¡da Å¾Ã¡dÃ¡ o prodlouÅ¾enÃ­ nouzovÃ©ho stavu? ProtoÅ¾e krize jeÅ¡tÄ› neskonÄila a zatÃ­m neexistuje nÃ¡hradnÃ­ Å™eÅ¡eâ€¦ https://t.co/uAFlUV0yJP
157,2022-05-19 07:38:01+00:00,STANcz,"RT @JanFar_sky: 1/4 Za MilostovÃ© lÃ©to jsem rÃ¡d. Å˜eÅ¡Ã­ starÃ© nesmyslnosti.

JeÅ¡tÄ› ale mÃ¡me jeden velkÃ½ dluh - Insolvence (kterÃ© navazuji na eâ€¦"
158,2022-05-19 07:12:07+00:00,elonmusk,https://t.co/E1IacL9wfN
159,2022-05-19 07:10:15+00:00,P_Fiala,"Pokud mÃ¡te existenÄnÃ­ potÃ­Å¾e, mÃ¡te strach, jak zaplatit ÃºÄty za elektÅ™inu, podÃ­vejte se na DeÅ¡tnÃ­k proti drahotÄ› neâ€¦ https://t.co/ul6x3dvz6I"
160,2022-05-19 06:52:46+00:00,kalousekm,"Nezoufejme. Od 1. Äervna cena klesne o 1,50 KÄ, protoÅ¾e snÄ›movna  myslÃ­ na lidi a na 4 mÄ›sÃ­ce snÃ­Å¾ila spotÅ™ebnÃ­ daÅˆâ€¦ https://t.co/k0ZLnNzggI"
161,2022-05-19 06:06:26+00:00,AndrejBabis,"RT @KarelHavlicek_: DobrÃ© rÃ¡no, vlÃ¡do. SpotÅ™ebnÃ­ daÅˆ, biosloÅ¾ky, kontrola marÅ¾Ã­, Ãºspora v ideÃ¡lnÃ­m pÅ™Ã­padÄ› aÅ¾ 5,50 KÄ na litru ... vzpomÃ­nÃ¡â€¦"
162,2022-05-19 05:50:36+00:00,DVTVcz,"â€U nÃ¡s je vÃ­c diskutovanÃ© tÃ©ma menstruaÄnÃ­ chudoba. Pomohlo by snÃ­Å¾enÃ­ DPH i to, aby byly dÃ¡mskÃ© hygienickÃ© pomÅ¯ckyâ€¦ https://t.co/v6cOtka1aZ"
163,2022-05-19 05:16:06+00:00,elonmusk,What I love most about wacktivists is their incredible sense of humor ğŸ‘¼
164,2022-05-19 05:01:13+00:00,elonmusk,A clear case of wacktivism
165,2022-05-19 04:39:11+00:00,elonmusk,Yup https://t.co/0cJUKv9hWl
166,2022-05-19 01:08:50+00:00,elonmusk,"RT @Tesla: Select Supercharger stations now open to non-Tesla EVs in Belgium ğŸ‡§ğŸ‡ª, the UK ğŸ‡¬ğŸ‡§, Austria ğŸ‡¦ğŸ‡¹, Spain ğŸ‡ªğŸ‡¸ and Sweden ğŸ‡¸ğŸ‡ª"
167,2022-05-19 01:07:03+00:00,elonmusk,Another batch of Starlinks reach orbit https://t.co/scNaZPZBux
168,2022-05-19 01:05:07+00:00,elonmusk,ğŸ˜› ğŸ¿
169,2022-05-19 00:59:08+00:00,BillGates,This warehouse is cool â€“ for many reasons. https://t.co/siqvwnzo2D
170,2022-05-18 20:45:35+00:00,AndrejBabis,"Jo, je trochu Å¡koda, Å¾es ten telefon v tÃ© svislÃ© poloze nedrÅ¾el, Martine. Ale jinak dÃ­ky. PÄ›knÃ½ video ğŸ˜ŠğŸ‘Œ https://t.co/QJqNpmJBV7"
171,2022-05-18 18:44:21+00:00,elonmusk,"In the past I voted Democrat, because they were (mostly) the kindness party.

But they have become the party of divâ€¦ https://t.co/RjCWLtxjar"
172,2022-05-18 18:41:16+00:00,alenaschillerov,"PÅ™edstavenÃ¡ valorizace vlÃ¡dy @P_Fiala znamenÃ¡, Å¾e na ÃºroveÅˆ pÅ™Ã­spÄ›vku za stÃ¡t. pojiÅ¡. 1 967 KÄ, kterÃ½ nastavila naÅ¡â€¦ https://t.co/0QFuUXUgjL"
173,2022-05-18 18:03:16+00:00,DVTVcz,VladimÃ­r Putin jeÅ¡tÄ› nedÃ¡vno varoval pÅ™ed rozÅ¡Ã­Å™enÃ­m Aliance a invazi na Ukrajinu hÃ¡jÃ­ jako obranu pÅ™ed agresorem.â€¦ https://t.co/kQiStTeRpH
174,2022-05-18 16:42:43+00:00,ZelenskyyUa,Had a phone conversation with @MohamedBinZayed. Congratulated on his election as President of the UAE. Discussed thâ€¦ https://t.co/QVcrESE1wE
175,2022-05-18 16:42:31+00:00,ZelenskyyUa,ĞŸÑ€Ğ¾Ğ²Ñ–Ğ² Ñ‚ĞµĞ»ĞµÑ„Ğ¾Ğ½Ğ½Ñƒ Ñ€Ğ¾Ğ·Ğ¼Ğ¾Ğ²Ñƒ Ğ· @MohamedBinZayed. ĞŸÑ€Ğ¸Ğ²Ñ–Ñ‚Ğ°Ğ² Ğ· Ğ¾Ğ±Ñ€Ğ°Ğ½Ğ½ÑĞ¼ ĞŸÑ€ĞµĞ·Ğ¸Ğ´ĞµĞ½Ñ‚Ğ¾Ğ¼ ĞĞĞ•. ĞĞ±Ğ³Ğ¾Ğ²Ğ¾Ñ€Ğ¸Ğ»Ğ¸ Ğ¼Ğ¾Ğ¶Ğ»Ğ¸Ğ²Ğ¾ÑÑ‚Ñ– Ğ·Ğ°Ğ±ĞµĞ·Ğ¿ĞµÑ‡ĞµĞ½Ğ½â€¦ https://t.co/Tv97EStBWC
176,2022-05-18 16:32:17+00:00,P_Fiala,"Bylo mi ctÃ­ pÅ™edat Cenu ArnoÅ¡ta Lustiga za odvahu, stateÄnost, lidskost a spravedlnost Å imonu PÃ¡nkovi.

UÅ¾ vÃ­ce neÅ¾â€¦ https://t.co/8qgu7pBbNF"
177,2022-05-18 16:23:46+00:00,elonmusk,Despite Tesla doing more for the environment than any company ever! https://t.co/ImxrhnRepj
178,2022-05-18 16:22:38+00:00,elonmusk,Political attacks on me will escalate dramatically in coming months
179,2022-05-18 16:18:50+00:00,elonmusk,.@SPGlobalRatings has lost their integrity
180,2022-05-18 16:09:17+00:00,elonmusk,"Exxon is rated top ten best in world for environment, social &amp; governance (ESG) by S&amp;P 500, while Tesla didnâ€™t makeâ€¦ https://t.co/IqAx1jhDpR"
181,2022-05-18 15:18:56+00:00,DVTVcz,"â€Na americkÃ© stranÄ› osvobozenÃ½ch Sudet zÅ¯stalo po vÃ¡lce vÃ­ce nÄ›meckÃ½ch antifaÅ¡istÅ¯ neÅ¾ na tÃ© sovÄ›tskÃ©,â€ Å™Ã­kÃ¡ Å tÄ›pÃ¡nâ€¦ https://t.co/30O88dt4tN"
182,2022-05-18 14:22:26+00:00,PiratIvanBartos,"UÅ¾ Å¾Ã¡dnÃ© miliony na tÃ¡hlÃ© prÃ¡vnÃ­ spory, Å¾Ã¡dnÃ© tunelovÃ¡nÃ­ LÃ¡nskÃ© obory, Å¾Ã¡dnÃ© pÅ™ivÃ­rÃ¡nÃ­ oÄÃ­ nad jasnou korupcÃ­.
KdyÅ¾â€¦ https://t.co/067SY9n81g"
183,2022-05-18 14:22:25+00:00,PiratIvanBartos,"Hrad Å¾Ã¡dÃ¡ o penÃ­ze navÃ­c. Dokud na HradÄ› sedÃ­ prezident propouÅ¡tÄ›jÃ­cÃ­ z vÄ›zenÃ­ odsouzenÃ© podvodnÃ­ky, kteÅ™Ã­ manipuluâ€¦ https://t.co/nAnK4Ksrs8"
184,2022-05-18 14:15:08+00:00,P_Fiala,"To je dÅ¯sledek mÃ©ho jednÃ¡nÃ­ s nÄ›meckÃ½m kanclÃ©Å™em Scholzem. 

DokÃ¡zali jsme se spolu velmi rychle domluvit na nÄ›meckâ€¦ https://t.co/84KfepI5rt"
185,2022-05-18 14:15:08+00:00,P_Fiala,"MinistrynÄ› obrany @jana_cernochova informovala vlÃ¡du, Å¾e NÄ›mecko vÄ›nuje ArmÃ¡dÄ› ÄŒeskÃ© republiky 15 tankÅ¯ Leopard 2A4â€¦ https://t.co/qUsi0zxWzs"
186,2022-05-18 14:15:07+00:00,P_Fiala,"Ãškolem rady je iniciovat a navrhovat parametry reforem, kterÃ© majÃ­ vliv na zdravÃ© veÅ™ejnÃ© finance, na konkurenceschâ€¦ https://t.co/BDPMRabQhs"
187,2022-05-18 14:15:07+00:00,P_Fiala,"TÃ©Å¾ jsme rozhodli o obnovenÃ­ NÃ¡rodnÃ­ ekonomickÃ© rady vlÃ¡dy, tzv. NERVu."
188,2022-05-18 14:15:07+00:00,P_Fiala,"Akce se vztahuje napÅ™Ã­klad na dluhy vÅ¯Äi dopravnÃ­m podnikÅ¯m, nemocnicÃ­m, dodavatelÅ¯m energie v rukÃ¡ch stÃ¡tu, na nezâ€¦ https://t.co/miswPMLcrG"
189,2022-05-18 14:15:06+00:00,P_Fiala,"VlÃ¡da dnes schvÃ¡lila tzv. MilostivÃ© lÃ©to II., coÅ¾ je opakovÃ¡nÃ­ ÃºspÄ›Å¡nÃ© akce, dÃ­ky kterÃ© budou moci lidÃ© splatit exeâ€¦ https://t.co/qOsEesNhcJ"
190,2022-05-18 14:05:18+00:00,ZelenskyyUa,.@jksheva7 ÑÑ‚Ğ°Ğ² Ğ¿ĞµÑ€ÑˆĞ¸Ğ¼ Ğ°Ğ¼Ğ±Ğ°ÑĞ°Ğ´Ğ¾Ñ€Ğ¾Ğ¼ @U24_gov_ua. ĞĞ½Ğ´Ñ€Ñ–Ğ¹ ÑĞ²Ğ¾Ñ”Ñ Ğ¿Ñ€Ğ°Ñ†ĞµÑ Ğ·Ğ´Ğ¾Ğ±ÑƒĞ² Ğ´Ğ¾Ğ²Ñ–Ñ€Ñƒ Ğ½Ğ° Ğ¼Ñ–Ğ¶Ğ½Ğ°Ñ€Ğ¾Ğ´Ğ½Ñ–Ğ¹ Ğ°Ñ€ĞµĞ½Ñ–. Ğ† Ñ‚ĞµĞ¿ĞµÑ€ Ñƒ Ğ½â€¦ https://t.co/X5F5WKbrHf
191,2022-05-18 14:04:57+00:00,AndrejBabis,"RT @DanielHule: Kolik je u nÃ¡s uprchlÃ­kÅ¯ dle ministra RakuÅ¡ana?

Duben: 300.000
5.5.: lidi pÅ™ichÃ¡zÃ­ a odchÃ¡zÃ­, bilance je stabilnÃ­
15.5.: uâ€¦"
192,2022-05-18 13:51:20+00:00,market_a,"Rozhovory s @R_Bartonicek jsou neortodoxnÃ­. Sama jsem pÅ™ekvapenÃ¡, jak moc jsem byla otevÅ™enÃ¡. Mluvila jsem takÃ© o tâ€¦ https://t.co/r2yI1zJgNA"
193,2022-05-18 13:51:19+00:00,market_a,"â€¢ MÃ¡m radost z toho, kdyÅ¾ mi lidÃ© Å™Ã­kajÃ­, Å¾e jsou straÅ¡nÄ› rÃ¡di, Å¾e v tÃ©to tÄ›Å¾kÃ© situaci, kdy diktÃ¡tor Putin rozpoutâ€¦ https://t.co/qepTnFLA3V"
194,2022-05-18 13:51:19+00:00,market_a,"â€¢ Za paralÃ½zu PS mÅ¯Å¾e hnutÃ­ ANO a SPD, protoÅ¾e nemajÃ­ zÃ¡jem pomoci obÄanÅ¯m, ale jen svÃ©mu Å¡Ã©fovi.

â€¢ NenÃ­ moÅ¾nÃ© Å¾Ã­tâ€¦ https://t.co/Hlx6TTs056"
195,2022-05-18 13:31:40+00:00,STANcz,"RT @v_kovarova: VlÃ¡da schvÃ¡lila nÃ¡vrh na ""MilostivÃ© lÃ©to II"".

To minulÃ© nemohlo splnit zcela pÅ¯vodnÃ­ oÄekÃ¡vÃ¡nÃ­, bylo totiÅ¾ naruÅ¡enÃ© pandemâ€¦"
196,2022-05-18 12:50:04+00:00,ZelenskyyUa,Grateful for the support package for ğŸ‡ºğŸ‡¦ announced today by @vonderleyen: a new â‚¬ 9 billion macro-financial aid progâ€¦ https://t.co/8vMVZTxSeI
197,2022-05-18 12:49:53+00:00,ZelenskyyUa,Ğ’Ğ´ÑÑ‡Ğ½Ğ¸Ğ¹ Ğ·Ğ° Ğ¾Ğ³Ğ¾Ğ»Ğ¾ÑˆĞµĞ½Ğ¸Ğ¹ ÑÑŒĞ¾Ğ³Ğ¾Ğ´Ğ½Ñ– @vonderleyen Ğ¿Ğ°ĞºĞµÑ‚ Ğ¿Ñ–Ğ´Ñ‚Ñ€Ğ¸Ğ¼ĞºĞ¸ Ğ£ĞºÑ€Ğ°Ñ—Ğ½Ğ¸. Ğ’Ñ–Ğ½ Ğ¼Ñ–ÑÑ‚Ğ¸Ñ‚ÑŒ Ğ½Ğ¾Ğ²Ñƒ Ğ¿Ñ€Ğ¾Ğ³Ñ€Ğ°Ğ¼Ñƒ Ğ¼Ğ°ĞºÑ€Ğ¾Ñ„Ñ–Ğ½Ğ°Ğ½ÑĞ¾Ğ²Ğ¾Ñ— Ğ´Ğ¾Ğ¿Ğ¾â€¦ https://t.co/UUfzrTsyrx
198,2022-05-18 12:29:44+00:00,P_Fiala,ÄŒeskÃ¡ vlÃ¡da vstup Å vÃ©dska i Finska jednoznaÄnÄ› schvÃ¡lila. NynÃ­ tak musÃ­ uÄinit jeÅ¡tÄ› PoslaneckÃ¡ snÄ›movna a SenÃ¡t. Nâ€¦ https://t.co/vXcUTEA7P0
199,2022-05-18 12:29:44+00:00,P_Fiala,Jejich armÃ¡dy se spolu s alianÄnÃ­mi silami ÃºÄastnily spoleÄnÃ½ch cviÄenÃ­ a plnÃ­ veÅ¡kerÃ¡ kritÃ©ria nutnÃ¡ pro pÅ™ijetÃ­ do NATO.
